[{"model": "store.creator", "pk": 2, "fields": {"name": "Toru Iwatani"}}, {"model": "store.creator", "pk": 3, "fields": {"name": "Brian Moriarty"}}, {"model": "store.creator", "pk": 4, "fields": {"name": "Alekseï Pajitnov"}}, {"model": "store.creator", "pk": 5, "fields": {"name": "Ed Boon"}}, {"model": "store.creator", "pk": 6, "fields": {"name": "John Tobias"}}, {"model": "store.creator", "pk": 7, "fields": {"name": "Chris Ganner"}}, {"model": "store.creator", "pk": 8, "fields": {"name": "Paulo Garcia"}}, {"model": "store.creator", "pk": 9, "fields": {"name": "John Edwards"}}, {"model": "store.creator", "pk": 10, "fields": {"name": "David Brevik"}}, {"model": "store.creator", "pk": 11, "fields": {"name": "Max Schaefer"}}, {"model": "store.creator", "pk": 12, "fields": {"name": "Ken Williams"}}, {"model": "store.creator", "pk": 13, "fields": {"name": "Philippe Ulrich"}}, {"model": "store.creator", "pk": 14, "fields": {"name": "Rémi Herbulot"}}, {"model": "store.creator", "pk": 15, "fields": {"name": "Takashi Tezuka"}}, {"model": "store.creator", "pk": 16, "fields": {"name": "Michel Ancel"}}, {"model": "store.creator", "pk": 17, "fields": {"name": "Jordan Mechner"}}, {"model": "store.creator", "pk": 18, "fields": {"name": "Yoshio Sakamoto"}}, {"model": "store.creator", "pk": 19, "fields": {"name": "Hirofumi Matsuoka"}}, {"model": "store.creator", "pk": 20, "fields": {"name": "Masahiko Mashimo"}}, {"model": "store.creator", "pk": 21, "fields": {"name": "Hiroyuki Kimura"}}, {"model": "store.creator", "pk": 22, "fields": {"name": "Jean-Francois Trevien"}}, {"model": "store.creator", "pk": 23, "fields": {"name": "Louis-Marie Rocques"}}, {"model": "store.creator", "pk": 24, "fields": {"name": "Bob Smith"}}, {"model": "store.creator", "pk": 25, "fields": {"name": "Rene Hellwig"}}, {"model": "store.creator", "pk": 26, "fields": {"name": "Christopher MacDonald"}}, {"model": "store.creator", "pk": 27, "fields": {"name": "Yu Suzuki"}}, {"model": "store.creator", "pk": 28, "fields": {"name": "Shouzou Kaga"}}, {"model": "store.creator", "pk": 29, "fields": {"name": "Gunpei Yokoi"}}, {"model": "store.creator", "pk": 30, "fields": {"name": "Dave Lebling"}}, {"model": "store.creator", "pk": 31, "fields": {"name": "Marc Blank"}}, {"model": "store.creator", "pk": 32, "fields": {"name": "Al Vezza"}}, {"model": "store.creator", "pk": 33, "fields": {"name": "Joel Berez"}}, {"model": "store.contact", "pk": 1, "fields": {"email": "test@test.fr", "name": "test"}}, {"model": "store.contact", "pk": 2, "fields": {"email": "teset@test.fr", "name": "teste"}}, {"model": "store.contact", "pk": 3, "fields": {"email": "letoiledemer@laposte.net", "name": "dsd"}}, {"model": "store.contact", "pk": 4, "fields": {"email": "yassined.beno@laposte.net", "name": "sd"}}, {"model": "store.contact", "pk": 5, "fields": {"email": "yassined.beqno@laposte.net", "name": "Fizioh"}}, {"model": "store.contact", "pk": 6, "fields": {"email": "contact@yassine-benosmane.fr", "name": "sq"}}, {"model": "store.contact", "pk": 7, "fields": {"email": "testdd@dz", "name": "bridget"}}, {"model": "store.contact", "pk": 8, "fields": {"email": "rere@rere.fr", "name": "rrere"}}, {"model": "store.contact", "pk": 10, "fields": {"email": "soso@vey.fr", "name": "sonia"}}, {"model": "store.contact", "pk": 12, "fields": {"email": "test@testage.com", "name": "kamoul"}}, {"model": "store.game", "pk": 1, "fields": {"reference": null, "created_at": "2021-06-22T13:27:10.506Z", "available": true, "title": "Pac-man", "picture": "https://encrypted-tbn0.gstatic.com/images?q=tbn:ANd9GcQgbpsrwVQM5dc2TRGLsoHRlSOZBtnoMGc-5iIpe_OLmtroJVbyqXeRT-eJRDLa-dYwnq0&usqp=CAU", "creators": [2]}}, {"model": "store.game", "pk": 2, "fields": {"reference": null, "created_at": "2021-06-22T13:42:21.739Z", "available": true, "title": "Tetris", "picture": "https://image.jeuxvideo.com/images-sm/gb/t/e/tetrgb0f.jpg", "creators": [4]}}, {"model": "store.game", "pk": 4, "fields": {"reference": null, "created_at": "2021-06-22T13:49:19.442Z", "available": true, "title": "Mortal Kombat", "picture": "https://image.jeuxvideo.com/images-sm/gb/m/o/mokogb0f.jpg", "creators": [5, 6, 7, 8, 9]}}, {"model": "store.game", "pk": 5, "fields": {"reference": null, "created_at": "2021-06-22T13:50:04.595Z", "available": true, "title": "Loom", "picture": "https://media.senscritique.com/media/000011781915/source_big/Loom.jpg", "creators": [3]}}, {"model": "store.game", "pk": 6, "fields": {"reference": null, "created_at": "2021-06-22T14:35:05.433Z", "available": true, "title": "Diablo", "picture": "https://i.pinimg.com/originals/89/b1/b4/89b1b44f7e9eba09737955f6f9eba8c4.jpg", "creators": [10, 11, 12]}}, {"model": "store.game", "pk": 7, "fields": {"reference": null, "created_at": "2021-06-22T14:41:29.952Z", "available": true, "title": "Dune", "picture": "https://image.jeuxvideo.com/images-sm/mg/d/u/dun2mg0f.jpg", "creators": [13, 14]}}, {"model": "store.game", "pk": 8, "fields": {"reference": null, "created_at": "2021-06-22T14:44:53.348Z", "available": true, "title": "Super Mario World", "picture": "https://le-pixel.com/wp-content/img/smw.jpg", "creators": [15]}}, {"model": "store.game", "pk": 9, "fields": {"reference": null, "created_at": "2021-06-22T14:47:01.118Z", "available": true, "title": "Rayman", "picture": "https://images-na.ssl-images-amazon.com/images/I/51ah%2BeKF%2BhL._AC_.jpg", "creators": [16]}}, {"model": "store.game", "pk": 10, "fields": {"reference": null, "created_at": "2021-06-22T14:49:30.873Z", "available": true, "title": "Prince of Persia", "picture": "https://image.jeuxvideo.com/images/pc/p/o/popspc0f.jpg", "creators": [17]}}, {"model": "store.game", "pk": 11, "fields": {"reference": null, "created_at": "2021-06-25T10:53:05.796Z", "available": false, "title": "Super Metroid", "picture": "https://image.jeuxvideo.com/images-sm/sn/s/m/smtrsn0f.jpg", "creators": [18, 19, 20, 21]}}, {"model": "store.game", "pk": 12, "fields": {"reference": null, "created_at": "2021-06-25T11:03:06.263Z", "available": true, "title": "Ishar 3", "picture": "https://image.jeuxvideo.com/images-sm/st/i/s/is30st0f.jpg", "creators": [22, 23]}}, {"model": "store.game", "pk": 13, "fields": {"reference": null, "created_at": "2021-06-25T11:07:47.151Z", "available": true, "title": "Video Pinball", "picture": "https://image.jeuxvideo.com/images-sm/jaquettes/00049395/jaquette-video-pinball-atari-vcs-2600-cover-avant-g-1372925532.jpg", "creators": [24]}}, {"model": "store.game", "pk": 14, "fields": {"reference": null, "created_at": "2021-06-25T11:14:51.947Z", "available": true, "title": "Redux : Dark Matters", "picture": "https://image.jeuxvideo.com/images-sm/jaquettes/00044896/jaquette-redux-dark-matters-dreamcast-dcast-cover-avant-g-1390986924.jpg", "creators": [25]}}, {"model": "store.game", "pk": 15, "fields": {"reference": null, "created_at": "2021-06-25T11:24:22.232Z", "available": false, "title": "Warlock", "picture": "https://image.jeuxvideo.com/images-sm/mg/w/a/warlmg0f.jpg", "creators": [26]}}, {"model": "store.game", "pk": 16, "fields": {"reference": null, "created_at": "2021-06-26T09:09:16.761Z", "available": false, "title": "Shenmue", "picture": "https://image.jeuxvideo.com/images/dc/s/h/shmudc0f.jpg", "creators": [27]}}, {"model": "store.game", "pk": 17, "fields": {"reference": null, "created_at": "2021-06-26T09:13:51.908Z", "available": true, "title": "Fire Emblem", "picture": "https://encrypted-tbn0.gstatic.com/shopping?q=tbn:ANd9GcQ3XFfR_hyaAXNq522NK4D__jQh1xEHu-jYTKRcFGl2xgGOVxPLmH9tHx9JKW34yYmCFgJhK-SSbhOro8mSfHaMmjfGSpkF&usqp=CAE", "creators": [28, 29]}}, {"model": "store.game", "pk": 18, "fields": {"reference": null, "created_at": "2021-06-26T09:22:09.004Z", "available": true, "title": "Zork", "picture": "https://upload.wikimedia.org/wikipedia/en/a/ac/Zork_I_box_art.jpg", "creators": [32, 33, 30, 31]}}, {"model": "store.booking", "pk": 5, "fields": {"created_at": "2021-06-27T17:52:57.574Z", "contacted": false, "game": 11, "contact": 5}}, {"model": "store.booking", "pk": 13, "fields": {"created_at": "2021-06-29T20:49:31.953Z", "contacted": false, "game": 16, "contact": 10}}, {"model": "store.booking", "pk": 16, "fields": {"created_at": "2021-06-29T20:50:11.946Z", "contacted": false, "game": 15, "contact": 12}}]